datetime,price_eur_mwh,load_mw,wind_onshore_mw,wind_offshore_mw,solar_mw,hydro_mw,biomass_mw,lignite_mw,hard_coal_mw,natural_gas_mw,nuclear_mw,pumped_storage_mw,renewable_mw,renewable_share
2026-07-30 18:00:00+00:00,198.31,58255.91,12239.93,1141.35,1013.85,1291.63,4087.71,10538.37,4138.68,6609.04,0.0,3024.06,19774.47,0.3394414403620165
2026-07-30 19:00:00+00:00,207.03,57213.91,11371.61,1793.5,32.0,1203.35,4121.21,10547.55,4139.7,6754.33,0.0,3811.39,18521.670000000002,0.3237266951341029
2026-07-30 20:00:00+00:00,190.3,52997.25,8303.28,1776.89,0.0,1170.32,4047.8,10530.85,4129.73,6766.71,0.0,4230.37,15298.29,0.28866195887522467
2026-07-30 21:00:00+00:00,170.83,49435.12,6241.4,1151.45,0.0,1195.23,3906.03,10549.67,4116.83,6465.73,0.0,3179.31,12494.11,0.25273752749057754
2026-07-30 22:00:00+00:00,168.21,47030.98,4910.91,625.82,0.0,1126.31,3731.04,10596.24,4109.34,5897.37,0.0,2265.29,10394.079999999998,0.22100496311154896
2026-07-30 23:00:00+00:00,162.95,45815.44,3781.76,646.09,0.0,1162.79,3656.85,10612.52,4083.4,5809.13,0.0,661.73,9247.49,0.20184221738348468
2026-07-31 00:00:00+00:00,155.16,45220.8,2751.55,425.56,0.0,1074.14,3641.49,10567.92,4077.81,5736.74,0.0,462.11,7892.74,0.17453782330255102
2026-07-31 01:00:00+00:00,154.17,45294.01,2229.38,329.35,0.0,1073.17,3655.89,10343.69,4070.9,5684.31,0.0,188.01,7287.79,0.16089964213811053
2026-07-31 02:00:00+00:00,157.34,46072.61,2299.4,317.82,0.0,1089.39,3697.59,10336.2,4068.93,5685.17,0.0,176.22,7404.200000000001,0.16070719674878417
2026-07-31 03:00:00+00:00,165.51,47904.79,2088.34,404.61,66.52,1241.5,3765.87,10359.66,4091.56,5719.44,0.0,1111.81,7566.84,0.15795581193446417
2026-07-31 04:00:00+00:00,179.09,53170.31,1899.65,937.48,2261.24,1316.54,3949.61,10296.7,4119.61,5852.71,0.0,3106.56,10364.52,0.19493059190363948
2026-07-31 05:00:00+00:00,172.53,57118.28,1721.61,1321.93,8579.28,1217.62,4047.2,10179.38,4076.33,5872.4,0.0,1666.82,16887.64,0.2956608637374935
2026-07-31 06:00:00+00:00,159.08,59628.6,1490.88,1313.66,17937.23,1263.01,4009.63,9889.21,3634.35,5556.8,0.0,303.86,26014.41,0.4362740362846017
2026-07-31 07:00:00+00:00,139.39,59323.96,1142.59,1276.82,28488.94,1324.41,3893.79,9277.34,3367.05,4597.96,0.0,75.82,36126.549999999996,0.6089706418789305
2026-07-31 08:00:00+00:00,119.61,58067.76,1038.85,1096.48,37879.77,1263.14,3789.23,8312.9,3010.31,3590.5,0.0,65.08,45067.47,0.7761186241728628
2026-07-31 09:00:00+00:00,101.17,56474.53,1116.7,1049.86,44739.2,1322.44,3722.45,6933.35,2319.86,2625.4,0.0,17.62,51950.649999999994,0.9198952164807745
2026-07-31 10:00:00+00:00,94.12,54961.01,1784.37,860.53,47687.52,1375.74,3628.25,6214.12,2060.62,2348.46,0.0,24.36,55336.409999999996,1.0068302966048113
2026-07-31 11:00:00+00:00,83.27,53952.75,2934.0,848.85,46135.11,1360.11,3590.08,6212.28,2184.58,2191.18,0.0,15.87,54868.15,1.0169666977123502
2026-07-31 12:00:00+00:00,86.29,53246.27,4126.76,677.72,42029.08,1324.84,3592.51,6463.22,2112.07,2173.99,0.0,9.67,51750.91,0.9719161548780789
2026-07-31 13:00:00+00:00,103.14,53663.83,5010.24,449.84,34986.04,1285.47,3611.54,7067.29,2480.65,2261.92,0.0,8.92,45343.130000000005,0.8449477049998109
2026-07-31 14:00:00+00:00,120.87,54636.0,5193.51,278.43,27005.36,1248.4,3689.53,8424.14,3320.9,2973.71,0.0,156.24,37415.23,0.6848091002269566
2026-07-31 15:00:00+00:00,147.49,56814.22,5914.73,208.32,18849.47,1191.27,3776.02,10161.5,3748.15,3953.32,0.0,853.89,29939.81,0.5269774010802225
2026-07-31 16:00:00+00:00,162.31,57447.79,6355.25,184.16,10977.75,1259.85,3959.76,10277.09,3976.84,4714.19,0.0,3249.44,22736.769999999997,0.39578145651904095
2026-07-31 17:00:00+00:00,184.89,56194.42,6490.7,212.67,4854.11,1255.01,4124.5,10277.18,4100.0,5076.39,0.0,5053.77,16936.989999999998,0.30139985429158267
2026-07-31 18:00:00+00:00,192.74,54657.06,6378.13,230.77,1081.92,1249.17,4177.36,10368.39,4323.7,5043.21,0.0,5121.1,13117.350000000002,0.2399936988926957
2026-07-31 19:00:00+00:00,195.64,53106.46,5232.38,161.38,28.1,1372.95,4144.41,10546.06,4345.38,5038.14,0.0,5700.06,10939.220000000001,0.20598661631748758
2026-07-31 20:00:00+00:00,191.13,50134.69,4294.88,141.62,0.0,1688.88,4044.18,10565.89,4273.12,5077.55,0.0,5606.59,10169.56,0.20284477674041665
2026-07-31 21:00:00+00:00,170.15,47066.58,4673.31,116.9,0.0,1464.57,3904.46,10540.36,4291.92,5013.94,0.0,3127.6,10159.24,0.21584827280843433
2026-07-31 22:00:00+00:00,169.44,45216.75,4088.01,156.08,0.0,1290.21,3766.36,10281.52,4283.86,4827.18,0.0,1889.35,9300.66,0.20569059032327622
2026-07-31 23:00:00+00:00,162.66,43993.81,4702.46,195.61,0.0,1245.8,3716.97,9971.11,4281.53,4699.8,0.0,562.77,9860.84,0.22414153263834163
2026-08-01 00:00:00+00:00,157.0,43276.31,5260.07,327.07,0.0,1120.48,3689.9,9966.58,4301.82,4651.66,0.0,62.81,10397.519999999999,0.24025893150317112
2026-08-01 01:00:00+00:00,154.61,41819.17,5429.82,452.48,0.0,1136.26,3685.55,9950.82,4291.62,4700.73,0.0,242.0,10704.11,0.2559617993374809
2026-08-01 02:00:00+00:00,154.52,41856.61,6006.29,564.11,0.0,1135.92,3718.46,9962.12,4119.74,4671.82,0.0,78.65,11424.779999999999,0.2729504372188765
2026-08-01 03:00:00+00:00,155.52,41817.77,6512.11,827.3,33.81,1190.41,3812.71,10003.88,3421.93,3968.4,0.0,119.61,12376.34,0.2959588710732304
2026-08-01 04:00:00+00:00,154.79,42120.88,6361.39,1071.35,1351.67,1335.69,4019.68,10000.88,2789.43,2981.65,0.0,209.31,14139.78,0.33569526562597934
2026-08-01 05:00:00+00:00,146.42,44202.43,4995.51,842.63,4970.19,1399.92,4108.69,9779.37,2750.9,2607.99,0.0,834.93,16316.939999999999,0.3691412440447278
2026-08-01 06:00:00+00:00,140.41,47389.55,3902.92,591.44,10901.79,1304.28,4069.66,8803.1,2709.73,2117.74,0.0,1058.5,20770.09,0.4382841786849632
2026-08-01 07:00:00+00:00,123.27,49736.63,3361.11,381.87,18701.31,1299.81,3962.03,6313.01,2368.4,2056.99,0.0,686.77,27706.13,0.5570568412053651
2026-08-01 08:00:00+00:00,100.92,49350.0,3466.81,334.56,27421.26,1291.78,3820.34,4814.59,1658.48,1752.87,0.0,25.81,36334.75,0.7362664640324215
2026-08-01 09:00:00+00:00,57.15,49231.2,3662.72,519.01,34416.72,1346.4,3744.35,4048.01,1058.55,1574.52,0.0,11.02,43689.2,0.8874291099952876
2026-08-01 10:00:00+00:00,16.72,47624.81,3718.1,1001.45,38646.94,1315.83,3655.31,3219.28,935.65,1428.15,0.0,12.29,48337.630000000005,1.014967408793862
2026-08-01 11:00:00+00:00,0.41,46540.45,4241.36,1238.81,40634.31,1254.61,3616.88,3212.05,763.4,1420.21,0.0,8.05,50985.969999999994,1.0955194889606783
2026-08-01 12:00:00+00:00,0.0,44645.59,4631.6,1431.42,40597.89,1289.53,3634.7,3214.44,734.54,1404.07,0.0,10.29,51585.14,1.1554364048050436
2026-08-01 13:00:00+00:00,3.08,43195.75,4582.85,1339.32,38691.77,1254.92,3648.37,3225.0,740.26,1442.94,0.0,9.14,49517.229999999996,1.1463449529178218
2026-08-01 14:00:00+00:00,45.52,43248.56,4854.66,1166.64,34411.35,1219.22,3741.52,3757.3,810.26,1519.83,0.0,9.36,45393.39,1.0495930962788125
2026-08-01 15:00:00+00:00,107.57,44444.88,4433.97,1242.93,27000.22,1211.68,3860.71,5254.66,1647.31,1892.12,0.0,212.53,37749.51,0.8493556513146172
2026-08-01 16:00:00+00:00,145.14,47119.64,4026.49,1392.13,17040.8,1219.15,4049.45,6881.42,3015.6,2907.65,0.0,763.4,27728.02,0.5884599288110011
2026-08-01 17:00:00+00:00,168.54,48006.03,3508.29,1200.99,7305.14,1313.2,4168.36,7360.46,3387.75,4224.48,0.0,3321.85,17495.98,0.36445379882485596
2026-08-01 18:00:00+00:00,180.96,46744.48,2987.45,1096.31,1397.54,1440.49,4237.31,7628.15,3487.27,4476.86,0.0,5620.48,11159.099999999999,0.23872551368632183
2026-08-01 19:00:00+00:00,180.68,45639.98,3044.46,1090.23,26.46,1447.76,4217.83,7639.06,3478.17,4509.03,0.0,5670.76,9826.740000000002,0.21530991030232705
2026-08-01 20:00:00+00:00,178.55,44234.94,3564.03,1312.21,0.0,1329.75,4137.82,7651.92,3483.82,4516.39,0.0,5143.15,10343.81,0.2338380022669862
2026-08-01 21:00:00+00:00,170.0,41920.14,4098.25,1326.83,0.0,1294.23,4008.77,7673.27,3494.0,4343.59,0.0,3833.95,10728.08,0.25591708424637893
2026-08-01 22:00:00+00:00,169.63,40182.09,4352.79,1270.98,0.0,1303.77,3860.81,7686.71,3478.32,4198.17,0.0,1314.08,10788.35,0.26848653218386603
2026-08-01 23:00:00+00:00,159.92,38275.34,4198.82,1241.91,0.0,1199.51,3802.07,7304.8,3498.26,4172.8,0.0,1301.09,10442.31,0.2728208292859058
2026-08-02 00:00:00+00:00,156.84,37369.94,3924.69,1244.32,0.0,1317.29,3777.48,7192.37,3494.78,4186.32,0.0,882.07,10263.78,0.2746533711319847
2026-08-02 01:00:00+00:00,154.44,36929.51,4124.24,1101.53,0.0,1311.86,3770.77,7217.97,3494.62,4205.72,0.0,568.9,10308.4,0.2791371994916802
2026-08-02 02:00:00+00:00,153.59,36845.84,4298.25,927.83,0.0,1159.24,3791.27,7185.59,3492.04,4196.51,0.0,182.92,10176.59,0.2761937304184136
2026-08-02 03:00:00+00:00,159.33,36842.26,4589.31,863.97,55.64,1195.16,3865.03,6501.96,3472.71,3542.69,0.0,112.24,10569.11,0.2868746379836633
2026-08-02 04:00:00+00:00,151.4,37387.98,4772.9,843.68,2261.31,1233.23,4060.43,6299.52,3425.7,2553.58,0.0,170.33,13171.55,0.3522937050891757
2026-08-02 05:00:00+00:00,138.7,38647.45,4199.85,794.55,9294.74,1264.34,4148.38,5966.89,2977.3,2148.71,0.0,335.92,19701.86,0.5097842160349519
2026-08-02 06:00:00+00:00,122.18,40336.27,2867.85,709.47,21144.82,1237.57,4109.27,4726.92,2007.06,1929.31,0.0,120.51,30068.98,0.7454576241184423
2026-08-02 07:00:00+00:00,62.68,42203.77,1847.73,560.34,34378.55,1307.41,3970.25,3505.81,1026.03,1434.39,0.0,60.22,42064.280000000006,0.9966948450339865
2026-08-02 08:00:00+00:00,3.16,42545.19,1710.05,444.12,43123.93,1358.71,3809.01,3065.17,640.95,1363.35,0.0,54.77,50445.82,1.185699723047423
2026-08-02 09:00:00+00:00,-0.26,43569.85,2028.18,383.97,47652.62,1408.59,3733.87,3051.64,526.91,1363.14,0.0,22.82,55207.23,1.2670970866321551
2026-08-02 10:00:00+00:00,-1.28,43478.77,1891.06,297.77,50180.61,1352.08,3642.75,3051.24,516.02,1364.19,0.0,23.74,57364.270000000004,1.3193627602620774
2026-08-02 11:00:00+00:00,-3.73,42755.03,1504.33,228.57,50218.57,1360.91,3630.78,3058.81,512.74,1356.3,0.0,53.01,56943.16,1.3318470364773456
2026-08-02 12:00:00+00:00,-1.79,40871.43,1553.08,179.29,48836.14,1317.25,3617.82,3065.66,509.39,1345.98,0.0,1.45,55503.58,1.3580043565884532
2026-08-02 13:00:00+00:00,-1.18,40063.51,1509.92,145.0,44708.64,1368.4,3647.44,3076.51,511.57,1364.7,0.0,14.69,51379.4,1.2824487919306122
2026-08-02 14:00:00+00:00,2.92,40208.24,1657.19,119.0,39698.86,1397.54,3748.52,3462.62,508.19,1445.6,0.0,48.42,46621.11,1.1594914375759795
2026-08-02 15:00:00+00:00,95.41,41703.15,2846.2,48.12,31363.27,1217.63,3873.05,4375.12,881.85,1616.48,0.0,156.71,39348.27,0.9435323230978954
2026-08-02 16:00:00+00:00,148.16,44315.02,4665.37,116.38,19101.65,1206.52,4037.23,7334.35,2121.74,2585.45,0.0,525.93,29127.15,0.6572748923502687
2026-08-02 17:00:00+00:00,176.89,45944.59,6219.27,256.65,7823.99,1362.42,4161.57,8677.14,2895.07,3556.08,0.0,4173.59,19823.9,0.4314740865028941
2026-08-02 18:00:00+00:00,185.69,46175.49,8177.44,353.94,1478.02,1658.47,4244.97,8644.24,3175.05,3675.1,0.0,5580.23,15912.84,0.34461659204915857
2026-08-02 19:00:00+00:00,177.69,44797.69,13218.53,385.43,14.48,1457.85,4213.01,9038.32,3278.9,3698.95,0.0,4736.32,19289.300000000003,0.43058693428165606
2026-08-02 20:00:00+00:00,167.73,44072.05,17847.57,496.39,0.0,1209.76,4125.31,9097.95,3299.59,3745.92,0.0,1887.69,23679.03,0.5372799767653195
2026-08-02 21:00:00+00:00,152.83,41725.44,19710.99,662.85,0.0,1180.16,3995.48,8754.85,3276.87,3626.7,0.0,124.43,25549.48,0.6123238005399104
2026-08-02 22:00:00+00:00,139.79,39649.5,19420.28,787.81,0.0,1163.59,3840.45,8331.33,3569.22,3850.42,0.0,38.81,25212.13,0.6358751056129334
2026-08-02 23:00:00+00:00,135.11,38676.94,18823.27,1013.96,0.0,1119.63,3782.09,8138.95,3650.53,3698.25,0.0,25.77,24738.95,0.6396304878307332
2026-08-03 00:00:00+00:00,131.94,38232.7,18110.93,1294.72,0.0,1112.51,3745.79,8171.8,3652.69,3678.83,0.0,18.22,24263.95,0.6346386731776725
2026-08-03 01:00:00+00:00,129.79,38176.7,17041.6,1558.88,0.0,1112.69,3747.39,8183.86,3657.03,3828.76,0.0,20.58,23460.559999999998,0.6145256137906104
2026-08-03 02:00:00+00:00,132.74,39060.67,16249.64,1787.81,0.0,1121.32,3758.17,8190.42,3774.51,3877.21,0.0,70.16,22916.940000000002,0.5867011497754647
2026-08-03 03:00:00+00:00,144.3,42285.46,15600.62,2250.94,53.32,1144.93,3812.59,8400.92,4058.3,3880.36,0.0,392.25,22862.4,0.5406681161798879
2026-08-03 04:00:00+00:00,169.23,48641.09,15431.56,2714.84,2296.06,1224.35,3988.06,8557.29,4142.08,4024.02,0.0,1437.4,25654.870000000003,0.5274320538458329
2026-08-03 05:00:00+00:00,164.49,53412.72,12593.83,2921.2,9407.84,1248.02,4077.68,8469.69,4161.98,4035.75,0.0,2179.4,30248.57,0.5663177235684683
2026-08-03 06:00:00+00:00,150.0,56391.94,7206.89,3063.85,20925.57,1305.97,4002.13,7617.98,4108.45,3772.13,0.0,1951.66,36504.409999999996,0.6473338211098961
2026-08-03 07:00:00+00:00,135.12,56773.33,4464.52,3062.04,33010.93,1291.28,3876.34,6125.89,3331.69,3171.99,0.0,613.23,45705.11,0.8050454324239921
2026-08-03 08:00:00+00:00,110.79,56314.25,4976.54,2820.15,42820.35,1301.99,3752.64,5060.48,1852.93,2148.23,0.0,162.67,55671.67,0.9885893890089986
2026-08-03 09:00:00+00:00,69.68,56545.23,5722.77,2246.67,49933.55,1311.6,3675.03,4512.11,1532.48,1712.23,0.0,9.93,62889.62,1.112200268705247
2026-08-03 10:00:00+00:00,26.03,55627.17,5572.06,2202.16,53011.2,1249.85,3589.63,4422.02,1828.82,1787.12,0.0,18.96,65624.9,1.1797274605197423
2026-08-03 11:00:00+00:00,16.39,55322.97,5410.78,2596.12,53298.9,1269.12,3565.16,4679.0,2254.98,1985.41,0.0,8.18,66140.08,1.1955265597635123
2026-08-03 12:00:00+00:00,22.56,54644.16,5183.89,3350.07,50405.7,1281.05,3567.23,4645.8,2529.7,1834.92,0.0,9.71,63787.94,1.1673331605792823
2026-08-03 13:00:00+00:00,60.81,54948.32,5061.07,3433.12,45150.9,1228.0,3576.13,4747.81,2684.06,2476.47,0.0,52.18,58449.219999999994,1.0637125939428174
2026-08-03 14:00:00+00:00,102.81,55756.7,5206.7,3790.52,36951.45,1223.82,3665.62,5520.66,2801.16,3070.97,0.0,77.52,50838.11,0.9117847720543003
2026-08-03 15:00:00+00:00,139.8,57062.07,5867.36,4255.97,26516.52,1235.34,3783.22,6295.62,3233.88,3949.25,0.0,420.92,41658.409999999996,0.7300543075286262
2026-08-03 16:00:00+00:00,169.03,57769.09,6882.0,4799.98,14852.17,1263.51,3955.98,8087.29,3544.73,5153.05,0.0,2621.14,31753.64,0.5496648813405232
2026-08-03 17:00:00+00:00,205.77,57057.21,8304.78,5561.55,5773.8,1464.87,4083.51,8461.35,3696.13,6359.59,0.0,5564.06,25188.510000000002,0.4414605971795677
2026-08-03 18:00:00+00:00,200.67,55037.64,9423.78,6624.36,1048.44,1461.19,4156.4,8361.52,3776.17,6860.94,0.0,5757.51,22714.17,0.41270247052744263
2026-08-03 19:00:00+00:00,185.81,53325.93,13254.58,6393.6,12.09,1448.88,4157.37,8315.21,3692.65,6582.63,0.0,5390.33,25266.52,0.4738130211700012
2026-08-03 20:00:00+00:00,174.43,49845.34,15522.26,6218.53,0.0,1451.75,4057.94,8492.38,3576.63,6136.63,0.0,4165.25,27250.48,0.5467006544643893
2026-08-03 21:00:00+00:00,157.14,47036.83,16712.72,6057.6,0.0,1336.02,3934.16,8432.94,3451.21,5948.32,0.0,1095.84,28040.5,0.5961392381246781
2026-08-03 22:00:00+00:00,154.0,45208.85,17179.83,6200.55,0.0,1239.88,3809.02,8311.1,3417.41,5617.33,0.0,515.8,28429.280000000002,0.6288432463997647
2026-08-03 23:00:00+00:00,144.72,44315.61,15758.3,6358.77,0.0,1138.25,3754.72,7963.35,3010.21,5498.18,0.0,62.05,27010.04,0.6094926821496985
2026-08-04 00:00:00+00:00,139.0,43881.06,14058.37,6347.97,0.0,1111.61,3724.38,7773.73,3199.26,5012.27,0.0,47.88,25242.33,0.5752443081365857
2026-08-04 01:00:00+00:00,137.11,43326.35,11793.94,5424.05,0.0,1098.88,3695.51,7977.19,3304.64,4863.3,0.0,45.31,22012.380000000005,0.5080598758030622
2026-08-04 02:00:00+00:00,143.17,43513.78,9266.54,4174.24,0.0,1095.17,3712.72,8516.21,3305.24,4969.55,0.0,855.95,18248.670000000002,0.4193768043134842
2026-08-04 03:00:00+00:00,156.95,45344.95,9834.43,2735.19,49.33,1117.37,3768.54,8808.78,3331.76,5238.77,0.0,1064.33,17504.86,0.38603769548759015
2026-08-04 04:00:00+00:00,170.93,50002.0,9838.7,2202.45,1738.96,1291.4,3942.22,8803.88,3701.46,4991.3,0.0,1702.04,19013.73,0.380259389624415
2026-08-04 05:00:00+00:00,169.28,55987.54,8493.75,2095.53,7106.48,1342.39,4001.52,8802.45,3827.01,4468.81,0.0,986.21,23039.670000000002,0.4115142404899376
2026-08-04 06:00:00+00:00,161.49,60148.4,6327.8,2149.18,15848.59,1412.68,3925.21,7628.74,3731.66,4566.07,0.0,1154.55,29663.46,0.49317122317468126
2026-08-04 07:00:00+00:00,146.54,60791.68,4304.02,2727.73,25830.3,1426.39,3821.24,4987.6,3645.17,3519.32,0.0,268.34,38109.68,0.626889732279154
2026-08-04 08:00:00+00:00,124.51,59921.28,4112.5,2999.91,35842.09,1326.25,3641.84,4137.13,3117.77,2012.36,0.0,9.96,47922.59,0.7997591172952246
2026-08-04 09:00:00+00:00,103.74,59057.77,3955.69,2485.51,44559.53,1444.7,3571.15,3439.46,2038.78,1570.93,0.0,10.02,56016.579999999994,0.9485048284078453
2026-08-04 10:00:00+00:00,87.31,59324.27,3640.27,1889.51,49253.57,1421.66,3503.66,3287.08,1482.38,1557.81,0.0,8.05,59708.67,1.0064796414688288
2026-08-04 11:00:00+00:00,76.47,58136.52,3593.19,1681.96,50994.63,1374.83,3409.44,3210.0,1409.11,1553.13,0.0,7.69,61054.05,1.0501841183476412
2026-08-04 12:00:00+00:00,84.06,56471.6,3231.21,1631.71,49828.73,1383.2,3505.4,3258.32,1522.75,1558.57,0.0,7.93,59580.25,1.0550480241395674
2026-08-04 13:00:00+00:00,109.46,54771.73,3533.23,1475.18,44367.21,1365.95,3553.55,3677.03,2158.37,1605.77,0.0,33.84,54295.119999999995,0.991298248202129
2026-08-04 14:00:00+00:00,127.44,54975.56,3679.86,1238.67,35769.99,1291.72,3637.3,4735.65,3410.9,1858.75,0.0,249.33,45617.54,0.8297785415919365
2026-08-04 15:00:00+00:00,154.96,55671.69,3772.5,1182.58,25657.15,1247.34,3822.59,5494.89,4258.65,3213.83,0.0,1309.81,35682.16,0.6409390481948725
2026-08-04 16:00:00+00:00,175.55,56644.7,3759.3,1409.54,14694.83,1467.31,3978.08,6504.25,4534.68,4682.96,0.0,3854.82,25309.059999999998,0.4468036727178359
2026-08-04 17:00:00+00:00,228.0,55915.16,3777.72,1366.06,5504.69,1857.22,4132.62,6736.62,4581.95,5459.16,0.0,6511.17,16638.309999999998,0.2975634872546193
2026-08-04 18:00:00+00:00,240.01,54195.99,4521.13,1430.95,965.1,1743.38,4162.48,6771.18,4486.36,6184.52,0.0,6463.67,12823.04,0.2366049591491917
2026-08-04 19:00:00+00:00,212.05,53379.0,5283.61,2012.24,5.59,1688.26,4006.17,6730.21,4512.98,6174.12,0.0,5982.92,12995.869999999999,0.2434640963674853
2026-08-04 20:00:00+00:00,185.13,49825.49,6115.57,1900.97,0.0,1914.93,3895.44,6759.43,4502.51,6016.06,0.0,4986.37,13826.91,0.2775067540730658
2026-08-04 21:00:00+00:00,163.07,46372.29,7732.59,1926.92,0.0,1404.93,3744.61,6662.18,4189.52,5453.42,0.0,1476.9,14809.050000000001,0.319351276376474
2026-08-04 22:00:00+00:00,155.19,44350.44,8754.02,2311.07,0.0,1264.57,3700.09,6513.92,3709.23,4980.74,0.0,185.58,16029.75,0.3614338437228582
2026-08-04 23:00:00+00:00,149.35,42857.8,8735.03,3110.27,0.0,1259.19,3729.35,6439.24,3531.76,4658.25,0.0,41.98,16833.84,0.39278357731848107
2026-08-05 00:00:00+00:00,148.05,42245.57,8521.43,4314.31,0.0,1270.06,3699.01,6447.99,3346.34,4258.1,0.0,59.24,17804.81,0.4214598122359339
2026-08-05 01:00:00+00:00,144.26,41400.76,8151.28,5213.16,0.0,1260.78,3688.57,6306.24,3019.73,4214.62,0.0,156.3,18313.79,0.4423539567872667
2026-08-05 02:00:00+00:00,139.35,42651.74,9012.05,5921.02,0.0,1344.56,3715.74,6408.76,2970.15,4575.94,0.0,146.81,19993.37,0.4687586016420432
2026-08-05 03:00:00+00:00,144.25,45027.85,9976.22,6028.84,39.78,1398.38,3776.45,6585.25,2917.15,4405.35,0.0,308.16,21219.670000000002,0.4712565667692329
2026-08-05 04:00:00+00:00,157.18,49077.17,10664.27,6073.14,1498.97,1539.42,3915.04,6758.94,2677.33,4941.83,0.0,919.11,23690.840000000004,0.48272628596962713
2026-08-05 05:00:00+00:00,154.69,54045.04,9821.7,5820.94,7406.17,1658.71,3979.04,6821.51,2680.11,5009.73,0.0,647.96,28686.559999999998,0.5307898745194748
2026-08-05 06:00:00+00:00,139.8,57046.71,7439.61,5755.46,17849.65,1900.82,3945.75,5555.83,1972.95,4100.83,0.0,1100.68,36891.29,0.6466856721448091
2026-08-05 07:00:00+00:00,112.04,58684.16,7152.04,5790.64,29867.73,1439.45,3829.56,4041.05,882.39,2854.24,0.0,162.23,48079.42,0.8192912704211834
2026-08-05 08:00:00+00:00,64.45,59167.09,8669.74,5566.75,40089.04,1417.04,3726.34,3224.43,462.6,1883.19,0.0,14.77,59468.91,1.005101146600247
2026-08-05 09:00:00+00:00,8.33,59380.41,10352.26,6013.32,46380.77,1460.45,3679.94,2606.54,327.46,1489.54,0.0,17.02,67886.73999999999,1.143251452793943
2026-08-05 10:00:00+00:00,-0.04,60393.51,11104.27,5810.84,47339.45,1455.45,3588.38,2601.06,319.09,1435.34,0.0,15.22,69298.39,1.1474476313762854
2026-08-05 11:00:00+00:00,-0.54,60579.5,11160.98,5493.3,45490.3,1317.96,3537.66,2843.11,330.16,1449.38,0.0,11.56,67000.2,1.1059879992406672
2026-08-05 12:00:00+00:00,-0.14,58747.1,12588.62,5338.06,43793.85,1347.05,3537.21,2820.84,335.88,1467.46,0.0,10.74,66604.79000000001,1.1337545172442556
2026-08-05 13:00:00+00:00,-0.02,57279.58,13094.75,5187.85,39998.53,1345.54,3568.56,2912.24,340.33,1528.06,0.0,40.8,63195.229999999996,1.1032767698366501
2026-08-05 14:00:00+00:00,6.83,57122.29,13475.47,4276.12,34234.63,1309.58,3644.25,3018.02,362.16,1815.17,0.0,150.14,56940.05,0.9968096517138931
2026-08-05 15:00:00+00:00,72.34,56819.87,14219.72,3770.16,25688.07,1211.18,3749.39,4483.53,1033.1,2534.46,0.0,102.57,48638.52,0.8560125181560605
2026-08-05 16:00:00+00:00,135.08,56348.87,12310.19,3968.58,15440.95,1207.9,3926.71,6572.08,1816.26,3680.29,0.0,847.88,36854.33,0.6540384926973691
2026-08-05 17:00:00+00:00,173.9,55710.98,10046.56,3747.71,6199.98,1364.11,4101.7,7181.35,2292.94,5361.02,0.0,4718.38,25460.06,0.45700255138215123
2026-08-05 18:00:00+00:00,187.46,53964.17,7774.03,3357.57,1063.86,1374.66,4184.47,7173.61,2343.7,5886.67,0.0,5704.35,17754.59,0.3290070059448705
2026-08-05 19:00:00+00:00,203.74,51730.05,6031.54,2521.71,8.59,1498.43,4159.48,7167.19,2261.89,5933.42,0.0,5954.75,14219.75,0.27488374745433264
2026-08-05 20:00:00+00:00,190.81,48770.22,5446.12,1258.4,0.0,1710.25,4062.28,7153.99,2549.32,5801.09,0.0,5665.17,12477.050000000001,0.25583337536718104
2026-08-05 21:00:00+00:00,166.11,45920.18,5896.23,973.02,0.0,1615.4,3922.73,7155.07,2580.2,5504.4,0.0,3816.44,12407.38,0.2701944983665133
2026-08-05 22:00:00+00:00,162.51,43986.7,6104.18,1328.41,0.0,1496.51,3757.5,7141.19,2640.74,5464.28,0.0,2232.1,12686.6,0.2884189993793579
2026-08-05 23:00:00+00:00,155.2,42582.17,5674.05,1790.43,0.0,1519.02,3723.34,6880.41,2547.0,5616.19,0.0,1276.26,12706.84,0.2984075259668542
2026-08-06 00:00:00+00:00,146.7,41990.42,6202.23,2979.17,0.0,1502.46,3699.98,6576.55,2549.61,5472.64,0.0,365.13,14383.84,0.3425505150936809
2026-08-06 01:00:00+00:00,137.83,41861.61,7128.99,3986.34,0.0,1329.35,3668.49,6544.7,2419.66,4955.62,0.0,46.26,16113.17,0.3849152003470483
2026-08-06 02:00:00+00:00,134.06,42328.26,8505.94,5204.79,0.0,1349.88,3684.19,6563.58,2360.63,4804.65,0.0,87.8,18744.8,0.4428436226766703
2026-08-06 03:00:00+00:00,135.75,44402.78,9033.82,5759.21,18.54,1407.33,3757.82,6576.65,2411.35,4845.12,0.0,182.75,19976.72,0.44989795683963935
2026-08-06 04:00:00+00:00,156.05,48463.7,9853.7,6361.33,1680.16,1504.55,3890.44,6591.24,2573.27,5099.58,0.0,974.28,23290.18,0.4805695809440881
2026-08-06 05:00:00+00:00,149.33,54043.22,9601.79,6297.71,8118.67,1418.22,3965.42,6596.77,2561.43,5012.4,0.0,618.16,29401.809999999998,0.5440425274437755
2026-08-06 06:00:00+00:00,139.22,57837.56,9882.57,6416.03,19158.66,1485.13,3915.77,6207.71,2164.62,4274.34,0.0,329.92,40858.15999999999,0.7064295243436962
2026-08-06 07:00:00+00:00,95.57,58902.82,11453.28,5828.3,30750.55,1689.05,3789.21,4332.2,1257.5,3437.73,0.0,10.92,53510.39000000001,0.9084520910883385
2026-08-06 08:00:00+00:00,25.09,59264.42,12955.12,4424.56,38786.85,1743.07,3706.82,2796.76,897.01,2860.59,0.0,8.86,61616.42,1.039686543798117
2026-08-06 09:00:00+00:00,0.15,59773.51,13958.89,5175.29,41751.57,1666.04,3640.7,2598.6,942.58,2404.83,0.0,8.93,66192.49,1.1073883732108087
2026-08-06 10:00:00+00:00,-0.08,59614.12,15241.27,6272.9,41596.93,1600.8,3553.54,2610.36,682.14,2136.11,0.0,7.96,68265.44,1.1451219945878595
2026-08-06 11:00:00+00:00,-1.36,58357.07,14514.4,6227.62,40768.1,1531.54,3516.28,2621.08,606.76,1892.43,0.0,7.96,66557.94,1.1405291595345688
2026-08-06 12:00:00+00:00,-1.29,57278.96,15197.81,6437.89,38587.29,1579.57,3526.91,2643.04,556.88,1846.69,0.0,7.96,65329.47,1.140549164998806
2026-08-06 13:00:00+00:00,-0.34,56041.33,15768.24,5774.59,34725.41,1607.8,3546.15,2923.77,464.5,1813.09,0.0,29.37,61422.19000000001,1.0960159225343153
2026-08-06 14:00:00+00:00,0.01,54838.34,18620.99,4845.2,30084.07,1535.11,3690.1,3231.27,487.48,2121.86,0.0,82.54,58775.47,1.0717952075135755
2026-08-06 15:00:00+00:00,38.43,54897.66,21939.44,4825.79,22993.14,1451.34,3820.58,3673.87,774.86,2586.15,0.0,144.67,55030.28999999999,1.002415949969452
2026-08-06 16:00:00+00:00,114.48,53819.97,22401.52,5636.78,14166.84,1327.67,4001.68,5232.93,1772.52,3535.93,0.0,75.98,47534.49,0.8832128668968042
2026-08-06 17:00:00+00:00,143.18,53406.45,19522.73,5632.21,5832.89,1207.19,4146.93,5913.06,2407.87,4811.77,0.0,1262.13,36341.95,0.6804786687750263
2026-08-06 18:00:00+00:00,162.69,49597.52,14458.86,5728.48,1000.61,1577.34,4220.05,5870.98,2573.52,5647.95,0.0,5009.98,26985.34,0.5440864785174743
2026-08-06 19:00:00+00:00,167.14,48401.65,11319.83,5607.03,5.43,1365.36,4195.23,5967.61,2543.96,5471.5,0.0,5306.48,22492.88,0.46471308312836446
2026-08-06 20:00:00+00:00,169.45,45911.77,9998.55,5465.39,0.0,1341.91,4103.38,6106.23,2399.72,4937.06,0.0,5371.0,20909.23,0.45542199745294076
2026-08-06 21:00:00+00:00,158.45,42839.23,10028.76,5100.91,0.0,1379.64,3971.83,5942.93,2410.5,4653.33,0.0,3911.18,20481.14,0.4780930936433731
2026-08-06 22:00:00+00:00,145.07,41037.19,9756.92,4655.29,0.0,1444.7,3822.73,5949.65,2421.53,4509.47,0.0,1188.2,19679.64,0.4795562269248942
2026-08-06 23:00:00+00:00,138.66,40569.26,10082.59,4713.1,0.0,1483.03,3779.46,6130.2,2530.82,4473.97,0.0,51.38,20058.18,0.4944181875636874
2026-08-07 00:00:00+00:00,131.12,39713.28,9665.12,4429.62,0.0,1506.26,3757.42,6277.42,2653.64,4393.44,0.0,126.07,19358.420000000002,0.487454574389222
2026-08-07 01:00:00+00:00,129.07,39735.89,8654.83,4393.49,0.0,1539.61,3752.02,6318.98,2804.2,4486.13,0.0,82.0,18339.95,0.46154622433271286
2026-08-07 02:00:00+00:00,131.58,40810.65,8339.29,4181.23,0.0,1616.6,3779.06,6283.52,2869.8,4507.4,0.0,113.4,17916.18,0.43900746496318976
2026-08-07 03:00:00+00:00,141.33,42820.33,8421.97,4040.93,18.48,1648.62,3862.52,6329.63,2882.66,4607.34,0.0,687.98,17992.52,0.4201863927718446
2026-08-07 04:00:00+00:00,156.17,47222.89,7857.46,4157.93,1697.45,1715.53,4039.96,6337.82,2853.43,4671.7,0.0,2840.97,19468.33,0.4122646877393569
