horizon,timestamp,price_xgboost,price_seasonal_naive,price_forecast,renewable_share_forecast,price_score,renewable_score,charge_score
1,2026-10-04 08:00:00+00:00,77.0774,1.39,39.233700103759766,0.66904885,0.9844436149942599,0.5008396,0.742641603010283
2,2026-10-04 09:00:00+00:00,74.14094,-0.07,37.035468902587894,0.7200425,0.9976879804685599,0.6481314,0.8229096755064967
3,2026-10-04 10:00:00+00:00,75.25346,-1.95,36.65173187255859,0.7833541,1.0,0.83100253,0.9155012667179108
4,2026-10-04 11:00:00+00:00,84.3153,-2.49,40.91264999389649,0.8128867,0.9743279247310374,0.9163054,0.9453166737569676
5,2026-10-04 12:00:00+00:00,84.26618,-0.84,41.71309097290039,0.8418625,0.9695052596442699,1.0,0.984752629822135
6,2026-10-04 13:00:00+00:00,89.65936,-0.01,44.82468139648437,0.80999064,0.9507578955115488,0.9079403,0.929349111816367
7,2026-10-04 14:00:00+00:00,96.08992,13.1,54.59496002197265,0.77496153,0.8918918668459906,0.80676115,0.8493265062188633
8,2026-10-04 15:00:00+00:00,112.24127,114.26,113.25063598632812,0.70598334,0.538490819130948,0.60752237,0.5730065937810196
9,2026-10-04 16:00:00+00:00,117.968895,186.21,152.08944747924807,0.6249442,0.3044865825768263,0.37344638,0.3389664788542167
10,2026-10-04 17:00:00+00:00,135.8248,195.75,165.7873992919922,0.601752,0.22195628277914442,0.30645722,0.26420675214358524
11,2026-10-04 18:00:00+00:00,144.43854,183.85,164.14426879882814,0.5601742,0.23185616080918514,0.18636273,0.20910944464285475
12,2026-10-04 19:00:00+00:00,138.99663,169.635,154.3158139038086,0.52319974,0.2910727020937949,0.079564445,0.18531857340726998
13,2026-10-04 20:00:00+00:00,137.9524,155.42,146.68619628906248,0.49565384,0.3370412262713177,0.0,0.16852061313565886
14,2026-10-04 21:00:00+00:00,132.62949,146.43,139.5297430419922,0.5013093,0.3801589302932656,0.016335344,0.19824713711765587
15,2026-10-04 22:00:00+00:00,122.64736,150.71,136.67868087768557,0.5125522,0.3973366089987155,0.048809767,0.22307318788406233
16,2026-10-04 23:00:00+00:00,119.50131,151.41,135.45565612792967,0.5433466,0.40470534562716753,0.13775723,0.271231286225964
17,2026-10-05 00:00:00+00:00,116.07581,151.49,133.78290664672852,0.5708309,0.414783678363125,0.21714374,0.3159637112966977
18,2026-10-05 01:00:00+00:00,110.690704,154.59,132.64035217285158,0.5989018,0.42166758075621985,0.2982247,0.35994613416625687
19,2026-10-05 02:00:00+00:00,112.36986,160.96,136.664928894043,0.60185015,0.3974194648408406,0.3067408,0.35208012772319286
20,2026-10-05 03:00:00+00:00,113.091774,175.17,144.13088699340818,0.6127828,0.35243699091767505,0.3383189,0.3453779525463543
21,2026-10-05 04:00:00+00:00,111.91073,211.13,161.52036422729492,0.6123597,0.24766521269442188,0.3370969,0.2923810562211352
22,2026-10-05 05:00:00+00:00,114.17354,240.98,177.57676910400392,0.6484872,0.15092520906009108,0.44144872,0.2961869636847468
23,2026-10-05 06:00:00+00:00,115.88733,242.15,179.01866455078124,0.67402,0.14223777424310396,0.5151984,0.3287180919002233
24,2026-10-05 07:00:00+00:00,105.30948,210.11,157.70973937988282,0.7188705,0.2706242663816179,0.64474607,0.4576851657606942
25,2026-10-05 08:00:00+00:00,96.76978,179.31,138.03989151000977,0.74375355,0.38913530101418964,0.716619,0.5528771578770899
26,2026-10-05 09:00:00+00:00,88.23981,153.52,120.87990356445313,0.7604723,0.49252440392764807,0.76491,0.6287171933044613
27,2026-10-05 10:00:00+00:00,90.31059,126.14,108.22529632568359,0.78540957,0.568768541994034,0.8369396,0.702854057640999
28,2026-10-05 11:00:00+00:00,87.17089,121.34,104.25544540405274,0.80132097,0.5926869344072326,0.88289857,0.7377927517571441
29,2026-10-05 12:00:00+00:00,87.29638,138.29,112.79318954467773,0.80819696,0.5412469386214301,0.9027594,0.7220031559047244
30,2026-10-05 13:00:00+00:00,86.887024,153.73,120.30851196289062,0.7992503,0.4959670441722252,0.8769176,0.6864423224019696
31,2026-10-05 14:00:00+00:00,87.06803,188.08,137.5740156555176,0.7837729,0.3919422078032738,0.83221215,0.6120771789500836
32,2026-10-05 15:00:00+00:00,98.32582,188.08,143.2029104614258,0.75603664,0.35802805901578777,0.7520979,0.5550629818489736
33,2026-10-05 16:00:00+00:00,115.396095,,,0.70920604,,0.61683095,
34,2026-10-05 17:00:00+00:00,126.92887,277.31,202.11943557739258,0.6812425,0.003055392493879238,0.5360602,0.2695578032682714
35,2026-10-05 18:00:00+00:00,127.94311,277.31,202.62655380249024,0.66262966,0.0,0.48229823,0.24114911258220673
36,2026-10-05 19:00:00+00:00,131.06691,229.0,180.03345489501953,0.64021826,0.13612365203807036,0.41756442,0.2768440369651183
37,2026-10-05 20:00:00+00:00,128.80173,203.35,166.07586364746095,0.60799366,0.22021828208654215,0.3244859,0.2723520900522127
38,2026-10-05 21:00:00+00:00,117.20569,181.29,149.24784423828123,0.60803515,0.321607271172392,0.3246057,0.32310648726313695
39,2026-10-05 22:00:00+00:00,110.68731,177.625,144.15615463256836,0.60083234,0.3522847531332547,0.3038009,0.32804283192227157
40,2026-10-05 23:00:00+00:00,106.4743,173.96,140.21714828491213,0.6215849,0.3760173066727255,0.36374322,0.3698802612360286
41,2026-10-06 00:00:00+00:00,101.62601,169.04,135.33300354003904,0.6333099,0.40544432872390734,0.3976101,0.4015272134237289
42,2026-10-06 01:00:00+00:00,106.44209,164.91,135.6760464477539,0.6320392,0.40337749169570036,0.39393973,0.3986586126004747
43,2026-10-06 02:00:00+00:00,112.04715,160.4,136.22357482910155,0.6411788,0.40007862759703117,0.42033884,0.4102087334447787
44,2026-10-06 03:00:00+00:00,125.086945,150.6266666666667,137.8568056233724,0.6292195,0.39023839535409294,0.38579518,0.3880167856916491
45,2026-10-06 04:00:00+00:00,123.56443,140.85333333333335,132.20888178507488,0.62720954,0.42426719425638587,0.37998965,0.40212842404107285
46,2026-10-06 05:00:00+00:00,125.19088,131.08,128.1354399108887,0.6592271,0.4488097232184343,0.47247007,0.46063989905523917
47,2026-10-06 06:00:00+00:00,128.75818,131.08,129.91908935546877,0.6888194,0.43806321706864576,0.5579455,0.49800435347603433
48,2026-10-06 07:00:00+00:00,124.75561,,,0.7017585,,0.5953192,
